{
  "id": "1302295",
  "name": "中再后台管理系统图标",
  "font_family": "iconfont",
  "css_prefix_text": "icon",
  "description": "",
  "glyphs": [
    {
      "icon_id": "36135",
      "name": "文件",
      "font_class": "wenjian",
      "unicode": "e600",
      "unicode_decimal": 58880
    },
    {
      "icon_id": "9911073",
      "name": "exclamation-circle-o",
      "font_class": "exclamation-circle-o",
      "unicode": "e62a",
      "unicode_decimal": 58922
    },
    {
      "icon_id": "9911074",
      "name": "Group 66",
      "font_class": "Group",
      "unicode": "e62b",
      "unicode_decimal": 58923
    },
    {
      "icon_id": "9911075",
      "name": "Group 48",
      "font_class": "Group1",
      "unicode": "e62c",
      "unicode_decimal": 58924
    },
    {
      "icon_id": "9911077",
      "name": "Group 67",
      "font_class": "Group3",
      "unicode": "e62e",
      "unicode_decimal": 58926
    },
    {
      "icon_id": "9911078",
      "name": "Group 41",
      "font_class": "Group4",
      "unicode": "e62f",
      "unicode_decimal": 58927
    },
    {
      "icon_id": "9911080",
      "name": "close-circle-o",
      "font_class": "close-circle-o",
      "unicode": "e631",
      "unicode_decimal": 58929
    },
    {
      "icon_id": "9911081",
      "name": "down-circle-o",
      "font_class": "down-circle-o",
      "unicode": "e632",
      "unicode_decimal": 58930
    },
    {
      "icon_id": "9911082",
      "name": "Group 68",
      "font_class": "Group6",
      "unicode": "e633",
      "unicode_decimal": 58931
    },
    {
      "icon_id": "9911083",
      "name": "Group 69",
      "font_class": "Group7",
      "unicode": "e634",
      "unicode_decimal": 58932
    },
    {
      "icon_id": "9911084",
      "name": "Group 52",
      "font_class": "Group8",
      "unicode": "e635",
      "unicode_decimal": 58933
    },
    {
      "icon_id": "9911085",
      "name": "Group 70",
      "font_class": "Group9",
      "unicode": "e636",
      "unicode_decimal": 58934
    },
    {
      "icon_id": "9911086",
      "name": "Group 71",
      "font_class": "Group10",
      "unicode": "e637",
      "unicode_decimal": 58935
    },
    {
      "icon_id": "9911087",
      "name": "check-circle-o",
      "font_class": "check-circle-o",
      "unicode": "e638",
      "unicode_decimal": 58936
    },
    {
      "icon_id": "9911090",
      "name": "Group 74",
      "font_class": "Group11",
      "unicode": "e639",
      "unicode_decimal": 58937
    },
    {
      "icon_id": "9911091",
      "name": "Group 73",
      "font_class": "Group12",
      "unicode": "e63a",
      "unicode_decimal": 58938
    },
    {
      "icon_id": "9911092",
      "name": "Group 76",
      "font_class": "Group13",
      "unicode": "e63b",
      "unicode_decimal": 58939
    },
    {
      "icon_id": "9911093",
      "name": "Group 72",
      "font_class": "Group14",
      "unicode": "e63c",
      "unicode_decimal": 58940
    },
    {
      "icon_id": "9911094",
      "name": "Group 75",
      "font_class": "Group15",
      "unicode": "e63d",
      "unicode_decimal": 58941
    },
    {
      "icon_id": "9911096",
      "name": "Group 115",
      "font_class": "Group17",
      "unicode": "e63f",
      "unicode_decimal": 58943
    },
    {
      "icon_id": "9911097",
      "name": "Group 116",
      "font_class": "Group18",
      "unicode": "e640",
      "unicode_decimal": 58944
    },
    {
      "icon_id": "9911098",
      "name": "Group 101",
      "font_class": "Group19",
      "unicode": "e641",
      "unicode_decimal": 58945
    },
    {
      "icon_id": "9911099",
      "name": "Group 118",
      "font_class": "Group20",
      "unicode": "e642",
      "unicode_decimal": 58946
    },
    {
      "icon_id": "9911100",
      "name": "Group 98",
      "font_class": "Group21",
      "unicode": "e643",
      "unicode_decimal": 58947
    },
    {
      "icon_id": "9911101",
      "name": "Group 81",
      "font_class": "Group22",
      "unicode": "e644",
      "unicode_decimal": 58948
    },
    {
      "icon_id": "9911102",
      "name": "Group 119",
      "font_class": "Group23",
      "unicode": "e645",
      "unicode_decimal": 58949
    },
    {
      "icon_id": "9911103",
      "name": "Group 114",
      "font_class": "Group24",
      "unicode": "e646",
      "unicode_decimal": 58950
    },
    {
      "icon_id": "9911119",
      "name": "Group 72",
      "font_class": "Group25",
      "unicode": "e647",
      "unicode_decimal": 58951
    },
    {
      "icon_id": "9911120",
      "name": "Group 73",
      "font_class": "Group26",
      "unicode": "e648",
      "unicode_decimal": 58952
    },
    {
      "icon_id": "9911121",
      "name": "Group 74",
      "font_class": "Group27",
      "unicode": "e649",
      "unicode_decimal": 58953
    },
    {
      "icon_id": "9911122",
      "name": "Group 115",
      "font_class": "Group28",
      "unicode": "e64a",
      "unicode_decimal": 58954
    },
    {
      "icon_id": "9911123",
      "name": "Group 98",
      "font_class": "Group29",
      "unicode": "e64b",
      "unicode_decimal": 58955
    },
    {
      "icon_id": "9911124",
      "name": "Group 119",
      "font_class": "Group30",
      "unicode": "e64c",
      "unicode_decimal": 58956
    },
    {
      "icon_id": "9911126",
      "name": "Group 101",
      "font_class": "Group32",
      "unicode": "e64e",
      "unicode_decimal": 58958
    },
    {
      "icon_id": "9911127",
      "name": "Group 75",
      "font_class": "Group33",
      "unicode": "e64f",
      "unicode_decimal": 58959
    },
    {
      "icon_id": "9911128",
      "name": "Group 76",
      "font_class": "Group34",
      "unicode": "e650",
      "unicode_decimal": 58960
    },
    {
      "icon_id": "9911129",
      "name": "Group 81",
      "font_class": "Group35",
      "unicode": "e651",
      "unicode_decimal": 58961
    },
    {
      "icon_id": "9911130",
      "name": "Group 114",
      "font_class": "Group36",
      "unicode": "e652",
      "unicode_decimal": 58962
    },
    {
      "icon_id": "9911131",
      "name": "Group 116",
      "font_class": "Group37",
      "unicode": "e653",
      "unicode_decimal": 58963
    },
    {
      "icon_id": "9911132",
      "name": "Group 118",
      "font_class": "Group38",
      "unicode": "e654",
      "unicode_decimal": 58964
    },
    {
      "icon_id": "9911133",
      "name": "Group 123",
      "font_class": "Group39",
      "unicode": "e655",
      "unicode_decimal": 58965
    },
    {
      "icon_id": "9911134",
      "name": "Group 139",
      "font_class": "Group40",
      "unicode": "e656",
      "unicode_decimal": 58966
    },
    {
      "icon_id": "9911135",
      "name": "Group 153",
      "font_class": "Group41",
      "unicode": "e657",
      "unicode_decimal": 58967
    },
    {
      "icon_id": "9911136",
      "name": "Group 160",
      "font_class": "Group42",
      "unicode": "e658",
      "unicode_decimal": 58968
    },
    {
      "icon_id": "9911137",
      "name": "Group 120",
      "font_class": "Group43",
      "unicode": "e659",
      "unicode_decimal": 58969
    },
    {
      "icon_id": "9911138",
      "name": "Group 149",
      "font_class": "Group44",
      "unicode": "e65a",
      "unicode_decimal": 58970
    },
    {
      "icon_id": "9911139",
      "name": "Group 146",
      "font_class": "Group45",
      "unicode": "e65b",
      "unicode_decimal": 58971
    },
    {
      "icon_id": "9911140",
      "name": "Group 168",
      "font_class": "Group46",
      "unicode": "e65c",
      "unicode_decimal": 58972
    },
    {
      "icon_id": "9911141",
      "name": "Group 141",
      "font_class": "Group47",
      "unicode": "e65d",
      "unicode_decimal": 58973
    },
    {
      "icon_id": "9911142",
      "name": "Group 124",
      "font_class": "Group48",
      "unicode": "e65e",
      "unicode_decimal": 58974
    },
    {
      "icon_id": "9911143",
      "name": "Group 163",
      "font_class": "Group49",
      "unicode": "e65f",
      "unicode_decimal": 58975
    },
    {
      "icon_id": "9911144",
      "name": "Group 147",
      "font_class": "Group50",
      "unicode": "e660",
      "unicode_decimal": 58976
    },
    {
      "icon_id": "9911145",
      "name": "Group 121",
      "font_class": "Group51",
      "unicode": "e661",
      "unicode_decimal": 58977
    },
    {
      "icon_id": "9911146",
      "name": "Group 129",
      "font_class": "Group52",
      "unicode": "e662",
      "unicode_decimal": 58978
    },
    {
      "icon_id": "9911147",
      "name": "Group 165",
      "font_class": "Group53",
      "unicode": "e663",
      "unicode_decimal": 58979
    },
    {
      "icon_id": "9911149",
      "name": "Group 129",
      "font_class": "Group54",
      "unicode": "e664",
      "unicode_decimal": 58980
    },
    {
      "icon_id": "9911150",
      "name": "Group 146",
      "font_class": "Group55",
      "unicode": "e665",
      "unicode_decimal": 58981
    },
    {
      "icon_id": "9911151",
      "name": "Group 119",
      "font_class": "Group56",
      "unicode": "e666",
      "unicode_decimal": 58982
    },
    {
      "icon_id": "9911152",
      "name": "Group 149",
      "font_class": "Group57",
      "unicode": "e667",
      "unicode_decimal": 58983
    },
    {
      "icon_id": "9911153",
      "name": "Group 123",
      "font_class": "Group58",
      "unicode": "e668",
      "unicode_decimal": 58984
    },
    {
      "icon_id": "9911154",
      "name": "Group 165",
      "font_class": "Group59",
      "unicode": "e669",
      "unicode_decimal": 58985
    },
    {
      "icon_id": "9911155",
      "name": "Group 163",
      "font_class": "Group60",
      "unicode": "e66a",
      "unicode_decimal": 58986
    },
    {
      "icon_id": "9911156",
      "name": "Group 139",
      "font_class": "Group61",
      "unicode": "e66b",
      "unicode_decimal": 58987
    },
    {
      "icon_id": "9911157",
      "name": "Group 120",
      "font_class": "Group62",
      "unicode": "e66c",
      "unicode_decimal": 58988
    },
    {
      "icon_id": "9911158",
      "name": "Group 141",
      "font_class": "Group63",
      "unicode": "e66d",
      "unicode_decimal": 58989
    },
    {
      "icon_id": "9911159",
      "name": "Group 160",
      "font_class": "Group64",
      "unicode": "e66e",
      "unicode_decimal": 58990
    },
    {
      "icon_id": "9911160",
      "name": "Group 121",
      "font_class": "Group65",
      "unicode": "e66f",
      "unicode_decimal": 58991
    },
    {
      "icon_id": "9911161",
      "name": "Group 153",
      "font_class": "Group66",
      "unicode": "e670",
      "unicode_decimal": 58992
    },
    {
      "icon_id": "9911162",
      "name": "Group 124",
      "font_class": "Group67",
      "unicode": "e671",
      "unicode_decimal": 58993
    },
    {
      "icon_id": "9911163",
      "name": "Group 147",
      "font_class": "Group68",
      "unicode": "e672",
      "unicode_decimal": 58994
    },
    {
      "icon_id": "9911164",
      "name": "Group 168",
      "font_class": "Group69",
      "unicode": "e673",
      "unicode_decimal": 58995
    },
    {
      "icon_id": "9911171",
      "name": "Group 171",
      "font_class": "Group70",
      "unicode": "e674",
      "unicode_decimal": 58996
    },
    {
      "icon_id": "9911172",
      "name": "Group 177",
      "font_class": "Group71",
      "unicode": "e675",
      "unicode_decimal": 58997
    },
    {
      "icon_id": "9911173",
      "name": "Group 170",
      "font_class": "Group72",
      "unicode": "e676",
      "unicode_decimal": 58998
    },
    {
      "icon_id": "9911174",
      "name": "Group 175",
      "font_class": "Group73",
      "unicode": "e677",
      "unicode_decimal": 58999
    },
    {
      "icon_id": "9911175",
      "name": "Group 187",
      "font_class": "Group74",
      "unicode": "e678",
      "unicode_decimal": 59000
    },
    {
      "icon_id": "9911176",
      "name": "Group 182",
      "font_class": "Group75",
      "unicode": "e679",
      "unicode_decimal": 59001
    },
    {
      "icon_id": "9911177",
      "name": "Group 185",
      "font_class": "Group76",
      "unicode": "e67a",
      "unicode_decimal": 59002
    },
    {
      "icon_id": "9911178",
      "name": "Group 188",
      "font_class": "Group77",
      "unicode": "e67b",
      "unicode_decimal": 59003
    },
    {
      "icon_id": "9911179",
      "name": "Group 198",
      "font_class": "Group78",
      "unicode": "e67c",
      "unicode_decimal": 59004
    },
    {
      "icon_id": "9911180",
      "name": "Group 195",
      "font_class": "Group79",
      "unicode": "e67d",
      "unicode_decimal": 59005
    },
    {
      "icon_id": "9911181",
      "name": "Group 189",
      "font_class": "Group80",
      "unicode": "e67e",
      "unicode_decimal": 59006
    },
    {
      "icon_id": "9911182",
      "name": "Group 190",
      "font_class": "Group81",
      "unicode": "e67f",
      "unicode_decimal": 59007
    },
    {
      "icon_id": "9911183",
      "name": "Group 173",
      "font_class": "Group82",
      "unicode": "e680",
      "unicode_decimal": 59008
    },
    {
      "icon_id": "9911184",
      "name": "Group 208",
      "font_class": "Group83",
      "unicode": "e681",
      "unicode_decimal": 59009
    },
    {
      "icon_id": "9911185",
      "name": "Group 209",
      "font_class": "Group84",
      "unicode": "e682",
      "unicode_decimal": 59010
    },
    {
      "icon_id": "9911186",
      "name": "Group 199",
      "font_class": "Group85",
      "unicode": "e683",
      "unicode_decimal": 59011
    },
    {
      "icon_id": "9911187",
      "name": "Group 193",
      "font_class": "Group86",
      "unicode": "e684",
      "unicode_decimal": 59012
    },
    {
      "icon_id": "9911188",
      "name": "Group 210",
      "font_class": "Group87",
      "unicode": "e685",
      "unicode_decimal": 59013
    },
    {
      "icon_id": "9911189",
      "name": "Group 169",
      "font_class": "Group88",
      "unicode": "e686",
      "unicode_decimal": 59014
    },
    {
      "icon_id": "9911191",
      "name": "info-cirlce-o",
      "font_class": "info-cirlce-o",
      "unicode": "e687",
      "unicode_decimal": 59015
    },
    {
      "icon_id": "9911192",
      "name": "minus-circle-o",
      "font_class": "minus-circle-o",
      "unicode": "e688",
      "unicode_decimal": 59016
    },
    {
      "icon_id": "9911193",
      "name": "Rectangle 48 Copy 11",
      "font_class": "RectangleCopy",
      "unicode": "e689",
      "unicode_decimal": 59017
    },
    {
      "icon_id": "9911194",
      "name": "pause-circle-o",
      "font_class": "pause-circle-o",
      "unicode": "e68a",
      "unicode_decimal": 59018
    },
    {
      "icon_id": "9911195",
      "name": "paperclip",
      "font_class": "paperclip",
      "unicode": "e68b",
      "unicode_decimal": 59019
    },
    {
      "icon_id": "9911196",
      "name": "question-circle-o",
      "font_class": "question-circle-o",
      "unicode": "e68c",
      "unicode_decimal": 59020
    },
    {
      "icon_id": "9911197",
      "name": "Shape",
      "font_class": "Shape",
      "unicode": "e68d",
      "unicode_decimal": 59021
    },
    {
      "icon_id": "9911198",
      "name": "right-circle-o",
      "font_class": "right-circle-o",
      "unicode": "e68e",
      "unicode_decimal": 59022
    },
    {
      "icon_id": "9911199",
      "name": "pay-circle-o",
      "font_class": "pay-circle-o",
      "unicode": "e68f",
      "unicode_decimal": 59023
    },
    {
      "icon_id": "9911200",
      "name": "left-circle-o",
      "font_class": "left-circle-o",
      "unicode": "e690",
      "unicode_decimal": 59024
    },
    {
      "icon_id": "9911201",
      "name": "up-circle-o",
      "font_class": "up-circle-o",
      "unicode": "e691",
      "unicode_decimal": 59025
    },
    {
      "icon_id": "9966907",
      "name": "Group 55",
      "font_class": "Group89",
      "unicode": "e692",
      "unicode_decimal": 59026
    },
    {
      "icon_id": "9966908",
      "name": "Group 58",
      "font_class": "Group90",
      "unicode": "e693",
      "unicode_decimal": 59027
    },
    {
      "icon_id": "9966909",
      "name": "Group 54",
      "font_class": "Group91",
      "unicode": "e694",
      "unicode_decimal": 59028
    },
    {
      "icon_id": "9966910",
      "name": "Group 61",
      "font_class": "Group92",
      "unicode": "e695",
      "unicode_decimal": 59029
    },
    {
      "icon_id": "9966911",
      "name": "Group 56",
      "font_class": "Group93",
      "unicode": "e696",
      "unicode_decimal": 59030
    },
    {
      "icon_id": "9966912",
      "name": "Group 57",
      "font_class": "Group94",
      "unicode": "e697",
      "unicode_decimal": 59031
    },
    {
      "icon_id": "9966913",
      "name": "Group 59",
      "font_class": "Group95",
      "unicode": "e698",
      "unicode_decimal": 59032
    },
    {
      "icon_id": "9966914",
      "name": "Group 60",
      "font_class": "Group96",
      "unicode": "e699",
      "unicode_decimal": 59033
    },
    {
      "icon_id": "9966915",
      "name": "Group 64",
      "font_class": "Group97",
      "unicode": "e69a",
      "unicode_decimal": 59034
    },
    {
      "icon_id": "9966916",
      "name": "Group 62",
      "font_class": "Group98",
      "unicode": "e69b",
      "unicode_decimal": 59035
    },
    {
      "icon_id": "9966917",
      "name": "Group 65",
      "font_class": "Group99",
      "unicode": "e69c",
      "unicode_decimal": 59036
    },
    {
      "icon_id": "9966918",
      "name": "Group 63",
      "font_class": "Group100",
      "unicode": "e69d",
      "unicode_decimal": 59037
    },
    {
      "icon_id": "9992558",
      "name": "guanli",
      "font_class": "guanli",
      "unicode": "e69e",
      "unicode_decimal": 59038
    },
    {
      "icon_id": "9992559",
      "name": "exct",
      "font_class": "exct",
      "unicode": "e69f",
      "unicode_decimal": 59039
    },
    {
      "icon_id": "10122545",
      "name": "流程",
      "font_class": "liucheng",
      "unicode": "e6a0",
      "unicode_decimal": 59040
    },
    {
      "icon_id": "10252911",
      "name": "综合查询",
      "font_class": "zonghechaxun",
      "unicode": "e6a1",
      "unicode_decimal": 59041
    },
    {
      "icon_id": "10252912",
      "name": "付款",
      "font_class": "fukuan",
      "unicode": "e6a2",
      "unicode_decimal": 59042
    },
    {
      "icon_id": "10252913",
      "name": "收款",
      "font_class": "shoukuan",
      "unicode": "e6a3",
      "unicode_decimal": 59043
    },
    {
      "icon_id": "10252914",
      "name": "账单",
      "font_class": "zhangdan",
      "unicode": "e6a4",
      "unicode_decimal": 59044
    },
    {
      "icon_id": "10252915",
      "name": "管理员",
      "font_class": "guanliyuan",
      "unicode": "e6a5",
      "unicode_decimal": 59045
    },
    {
      "icon_id": "10374716",
      "name": "操作列表",
      "font_class": "caozuoliebiao",
      "unicode": "e6a6",
      "unicode_decimal": 59046
    },
    {
      "icon_id": "10393887",
      "name": "goback",
      "font_class": "goback",
      "unicode": "e6a7",
      "unicode_decimal": 59047
    },
    {
      "icon_id": "10879248",
      "name": "全屏",
      "font_class": "quanping",
      "unicode": "e6a8",
      "unicode_decimal": 59048
    },
    {
      "icon_id": "10879249",
      "name": "顺时针旋转",
      "font_class": "shunshizhenxuanzhuan",
      "unicode": "e6a9",
      "unicode_decimal": 59049
    },
    {
      "icon_id": "10879250",
      "name": "逆时针旋转",
      "font_class": "nishizhenxuanzhuan",
      "unicode": "e6aa",
      "unicode_decimal": 59050
    }
  ]
}
